{"cameraMode":{"drawMode":0,"name":"Shaded","section":"Shading Mode"},"sceneLighting":true,"audioPlay":false,"sceneViewState":{"showFog":true,"showMaterialUpdate":true,"showSkybox":true,"showFlares":true,"showImageEffects":true,"showParticleSystems":true},"in2DMode":false,"pivot":{"x":-0.28490495681762698,"y":3.830249786376953,"z":-1.1313652992248536},"rotation":{"x":-0.010752161964774132,"y":0.9345130920410156,"z":-0.02833339385688305,"w":-0.35463613271713259},"size":10.0,"orthographic":false}